,0,1,2,3,4,5,6,7,8,9,10,11
11,chr11,62853907,62853948,.,.,-,chr11,62853903,62853968,U29,1,-
12,chr11,93732364,93732411,.,.,-,chr11,93732360,93732499,ACA8,1,-
18,chr19,49490615,49490662,.,.,+,chr19,49490616,49490699,U33,1,+
19,chr19,49490907,49490954,.,.,+,chr19,49490906,49490972,U34,1,+
29,chr1,121020771,121020801,.,.,-,chr1,121020728,121020801,tRNA-Val-CAC-5-1,1,-
30,chr1,155920000,155920047,.,.,-,chr1,155919908,155920042,ACA42,1,-
32,chr1,173866665,173866712,.,.,-,chr1,173866634,173866714,U76,1,-
33,chr1,28508721,28508762,.,.,+,chr1,28508557,28508762,U17b,1,+
42,chr15,66502043,66502090,.,.,-,chr15,66502021,66502091,U18B,1,-
44,chr19,49489966,49490013,.,.,+,chr19,49489967,49490044,U32A,1,+
45,chr19,49490655,49490697,.,.,+,chr19,49490616,49490699,U33,1,+
46,chr19,49489967,49490014,.,.,+,chr19,49489967,49490044,U32A,1,+
47,chr1,173865355,173865398,.,.,-,chr1,173865347,173865432,U79,1,-
49,chr15,66501270,66501317,.,.,-,chr15,66501251,66501318,U18C,1,-
57,chr11,93735190,93735237,.,.,-,chr11,93735109,93735236,ACA40,1,-
58,chr11,2963833,2963880,.,.,-,chr11,2963770,2963893,ACA54,1,-
60,chr17,2329160,2329207,.,.,-,chr17,2329124,2329210,HBII-296B,1,-
61,chr16,89561430,89561477,.,.,+,chr16,89561429,89561501,HBII-202,1,+
64,chr11,62853346,62853393,.,.,-,chr11,62853324,62853395,U31,1,-
65,chr11,62853346,62853393,.,.,-,chr11,62853324,62853395,U31,1,-
67,chr3,186787298,186787345,.,.,+,chr3,186787298,186787433,E3,1,+
69,chr17,60231585,60231632,.,.,-,chr17,60231515,60231645,ACA66,1,-
71,chr1,75787888,75787935,.,.,+,chr1,75787888,75787971,U45A,1,+
75,chr20,2462992,2463035,.,.,-,chr20,2462958,2463040,SNORD119,1,-
78,chr11,62853347,62853394,.,.,-,chr11,62853324,62853395,U31,1,-
79,chr19,49490616,49490663,.,.,+,chr19,49490616,49490699,U33,1,+
81,chr2,101272999,101273046,.,.,-,chr2,101272935,101273049,HBII-289,1,-
88,chr7,148941529,148941570,.,.,+,chr7,148941487,148941562,hsa-mir-1975,1,+
94,chr1,173865381,173865428,.,.,-,chr1,173865347,173865432,U79,1,-
95,chr17,76561111,76561158,.,.,+,chr17,76561107,76561193,snR38B,1,+
102,chr1,173866666,173866713,.,.,-,chr1,173866634,173866714,U76,1,-
105,chr11,2963779,2963826,.,.,-,chr11,2963770,2963893,ACA54,1,-
107,chr17,19062090,19062130,.,.,+,chr17,19061911,19062128,U3-2,1,+
109,chr11,62852933,62852980,.,.,-,chr11,62852909,62853035,U22,1,-
115,chr6,132815307,132815354,.,.,+,chr6,132815306,132815379,U101,1,+
118,chr16,89561431,89561478,.,.,+,chr16,89561429,89561501,HBII-202,1,+
119,chr9,136726190,136726237,.,.,-,chr9,136726103,136726239,ACA43,1,-
122,chr11,62855313,62855343,.,.,-,chr11,62855291,62855366,U26,1,-
123,chr6,28953253,28953274,.,.,-,chr6,28953264,28953337,tRNA-Met-CAT-3-2,1,-
125,chr11,62853665,62853707,.,.,-,chr11,62853662,62853732,U30,1,-
130,chr11,2963796,2963843,.,.,-,chr11,2963770,2963893,ACA54,1,-
140,chr15,66503244,66503291,.,.,-,chr15,66503244,66503314,U18A,1,-
149,chr5,138561045,138561082,.,.,-,chr5,138561042,138561110,U63,1,-
155,chrX,24744439,24744486,.,.,+,chrX,24744440,24744570,ACA12,1,+
162,chr16,89561434,89561481,.,.,+,chr16,89561429,89561501,HBII-202,1,+
167,chr20,2654239,2654286,.,.,+,chr20,2654211,2654286,HBII-55,1,+
170,chr1,44778390,44778437,.,.,+,chr1,44778389,44778458,U38B,1,+
176,chr5,181243331,181243378,.,.,-,chr5,181243313,181243376,U95,1,-
201,chr8,123157222,123157240,.,.,-,chr8,123157229,123157302,tRNA-Met-CAT-1-1,1,-
211,chr18,49491299,49491346,.,.,-,chr18,49491282,49491347,U58A,1,-
216,chr1,28579842,28579875,.,.,-,chr1,28579763,28579893,ACA61,1,-
221,chr11,2963774,2963809,.,.,-,chr11,2963770,2963893,ACA54,1,-
222,chr11,2963774,2963811,.,.,-,chr11,2963770,2963893,ACA54,1,-
227,chr6,132816804,132816851,.,.,+,chr6,132816801,132816877,HBII-429,1,+
228,chr6,132816804,132816851,.,.,+,chr6,132816801,132816877,HBII-429,1,+
230,chr7,148941534,148941570,.,.,+,chr7,148941487,148941562,hsa-mir-1975,1,+
254,chr2,101272943,101272990,.,.,-,chr2,101272935,101273049,HBII-289,1,-
284,chr2,231460412,231460437,.,.,-,chr2,231460367,231460442,U82,1,-
301,chr7,139340762,139340784,.,.,+,chr7,139340699,139340772,tRNA-Arg-CCT-4-1,1,+
304,chr8,66922484,66922531,.,.,-,chr8,66922473,66922549,HBII-276,1,-
308,chr11,62855319,62855366,.,.,-,chr11,62855291,62855366,U26,1,-
309,chr11,62855319,62855366,.,.,-,chr11,62855291,62855366,U26,1,-
310,chr11,62855034,62855081,.,.,-,chr11,62855011,62855083,U27,1,-
313,chr2,202291334,202291381,.,.,+,chr2,202291331,202291421,HBII-95B,1,+
325,chr17,28722583,28722630,.,.,+,chr17,28722581,28722653,mgh18S-121,1,+
328,chr16,89561428,89561475,.,.,+,chr16,89561429,89561501,HBII-202,1,+
332,chr17,19508242,19508265,.,.,+,chr17,19508180,19508252,tRNA-Trp-CCA-2-1,1,+
344,chr5,181191674,181191694,.,.,-,chr5,181191686,181191758,tRNA-Thr-TGT-6-1,1,-
345,chr3,186784821,186784860,.,.,+,chr3,186784795,186784865,snR39B,1,+
357,chr15,66502812,66502842,.,.,-,chr15,66502810,66502911,U16,1,-
373,chr20,17962712,17962740,.,.,-,chr20,17962709,17962946,HBI-43,1,-
374,chr20,17962711,17962750,.,.,-,chr20,17962709,17962946,HBI-43,1,-
387,chr20,2462988,2463035,.,.,-,chr20,2462958,2463040,SNORD119,1,-
393,chr12,6581544,6581591,.,.,-,chr12,6581472,6581609,ACA57,1,-
430,chr5,181243331,181243378,.,.,-,chr5,181243313,181243376,U95,1,-
496,chr16,58559885,58559932,.,.,-,chr16,58559795,58559931,ACA50,1,-
500,chr4,151103848,151103889,.,.,+,chr4,151103826,151103891,U73a,1,+
507,chr7,148941538,148941571,.,.,+,chr7,148941487,148941562,hsa-mir-1975,1,+
510,chr7,148941536,148941571,.,.,+,chr7,148941487,148941562,hsa-mir-1975,1,+
515,chr6,85677587,85677622,.,.,-,chr6,85677588,85677659,U50B,1,-
517,chr6,85677595,85677642,.,.,-,chr6,85677588,85677659,U50B,1,-
518,chr6,85677592,85677612,.,.,-,chr6,85677588,85677659,U50B,1,-
533,chr18,54222284,54222331,.,.,-,chr18,54222283,54222412,ACA37,1,-
549,chr13,44917968,44917997,.,.,-,chr13,44917926,44917998,tRNA-Glu-TTC-2-1,1,-
557,chr3,186787630,186787677,.,.,+,chr3,186787612,186787749,ACA4,1,+
568,chr17,81125924,81125944,.,.,-,chr17,81125876,81125955,hsa-mir-3065,1,+
569,chr17,81125924,81125944,.,.,-,chr17,81125882,81125949,hsa-mir-338,1,-
581,chr17,19061925,19061972,.,.,+,chr17,19061911,19062128,U3-2,1,+
584,chr17,7578042,7578059,.,.,+,chr17,7577954,7578091,U67,1,+
589,chr17,8187660,8187678,.,.,+,chr17,8187592,8187666,tRNA-Ile-AAT-5-5,1,+
590,chr19,49490658,49490697,.,.,+,chr19,49490616,49490699,U33,1,+
596,chr5,139278907,139278954,.,.,+,chr5,139278779,139278979,U19,1,+
608,chr17,19508180,19508212,.,.,+,chr17,19508180,19508252,tRNA-Trp-CCA-2-1,1,+
609,chr17,19508244,19508266,.,.,+,chr17,19508180,19508252,tRNA-Trp-CCA-2-1,1,+
610,chr7,45104912,45104959,.,.,-,chr7,45104905,45105042,ACA5c,1,-
613,chr7,44985448,44985495,.,.,-,chr7,44985377,44985510,ACA9,1,-
614,chr19,17862601,17862648,.,.,+,chr19,17862587,17862720,U68,1,+
619,chr3,45688998,45689032,.,.,-,chr3,45688998,45689071,tRNA-Arg-ACG-2-1,1,-
623,chr8,98042170,98042217,.,.,-,chr8,98042085,98042217,U72,1,-
629,chr1,44777871,44777907,.,.,+,chr1,44777841,44777912,U38A,1,+
630,chr1,44778408,44778455,.,.,+,chr1,44778389,44778458,U38B,1,+
633,chr9,94175961,94175982,.,.,+,chr9,94175956,94176036,hsa-let-7a-1,1,+
649,chr1,220200549,220200566,.,.,-,chr1,220200537,220200619,hsa-mir-664,1,-
650,chr1,220200549,220200566,.,.,-,chr1,220200545,220200676,ACA36B,1,-
659,chr22,39315215,39315235,.,.,-,chr22,39315212,39315307,U83A,1,-
664,chr1,28508680,28508727,.,.,+,chr1,28508557,28508762,U17b,1,+
673,chr11,62853346,62853393,.,.,-,chr11,62853324,62853395,U31,1,-
681,chr11,62665518,62665565,.,.,+,chr11,62665421,62665570,U99,1,+
694,chr11,46762449,46762496,.,.,-,chr11,46762388,46762499,HBII-166,1,-
698,chr1,167714757,167714800,.,.,+,chr1,167714724,167714796,tRNA-Pro-CGG-1-1,1,+
708,chr1,173865355,173865397,.,.,-,chr1,173865347,173865432,U79,1,-
710,chr1,109100197,109100213,.,.,+,chr1,109100192,109100612,mgU2-25/61,1,+
711,chr9,19063694,19063741,.,.,-,chr9,19063655,19063786,U92,1,-
726,chr8,123157219,123157239,.,.,-,chr8,123157229,123157302,tRNA-Met-CAT-1-1,1,-
731,chr11,8685438,8685485,.,.,+,chr11,8685438,8685569,ACA3-2,1,+
732,chr11,8684225,8684272,.,.,+,chr11,8684226,8684356,ACA3,1,+
736,chr10,68755199,68755233,.,.,+,chr10,68755171,68755238,HBII-419,1,+
752,chr9,131485717,131485749,.,.,+,chr9,131485664,131485750,U62A,1,+
786,chr11,93735185,93735208,.,.,-,chr11,93735109,93735236,ACA40,1,-
801,chr13,91350617,91350636,.,.,+,chr13,91350604,91350688,hsa-mir-17,1,+
832,chr14,91126424,91126471,.,.,+,chr14,91126424,91126553,SNORA11B,1,+
856,chr14,20681729,20681761,.,.,+,chr14,20681689,20681762,tRNA-Thr-TGT-5-1,1,+
857,chr14,20681729,20681761,.,.,+,chr14,20681689,20681762,tRNA-Thr-TGT-5-1,1,+
858,chr14,20609377,20609406,.,.,-,chr14,20609335,20609407,tRNA-Pro-AGG-2-5,1,-
863,chr10,67764553,67764583,.,.,+,chr10,67764502,67764584,tRNA-Ser-TGA-1-1,1,+
864,chr14,21397354,21397401,.,.,-,chr14,21397292,21397401,mgU6-53,1,-
872,chr12,6963741,6963761,.,.,+,chr12,6963698,6963766,hsa-mir-200c,1,+
879,chr12,48667534,48667581,.,.,-,chr12,48667456,48667593,ACA2b,1,-
890,chr11,75404421,75404468,.,.,+,chr11,75404420,75404566,U15B,1,+
897,chr11,93733465,93733498,.,.,-,chr11,93733465,93733597,ACA18,1,-
898,chr11,93732365,93732412,.,.,-,chr11,93732360,93732499,ACA8,1,-
904,chr11,62855297,62855344,.,.,-,chr11,62855291,62855366,U26,1,-
908,chr11,62853907,62853943,.,.,-,chr11,62853903,62853968,U29,1,-
909,chr11,62853669,62853716,.,.,-,chr11,62853662,62853732,U30,1,-
910,chr11,62853909,62853948,.,.,-,chr11,62853903,62853968,U29,1,-
911,chr11,62853346,62853392,.,.,-,chr11,62853324,62853395,U31,1,-
912,chr11,62853346,62853393,.,.,-,chr11,62853324,62853395,U31,1,-
913,chr11,62853346,62853393,.,.,-,chr11,62853324,62853395,U31,1,-
915,chr11,62852986,62853033,.,.,-,chr11,62852909,62853035,U22,1,-
937,chr13,30673966,30673997,.,.,-,chr13,30673963,30674037,tRNA-Asn-GTT-2-4,1,-
955,chr12,56645053,56645100,.,.,-,chr12,56645026,56645101,U59A,1,-
956,chr12,56645053,56645100,.,.,-,chr12,56645026,56645101,U59A,1,-
957,chr12,56645052,56645100,.,.,-,chr12,56645026,56645101,U59A,1,-
967,chr11,2963801,2963848,.,.,-,chr11,2963770,2963893,ACA54,1,-
968,chr12,98503542,98503571,.,.,+,chr12,98503502,98503574,tRNA-Asp-GTC-1-1,1,+
972,chr11,8685534,8685567,.,.,+,chr11,8685438,8685569,ACA3-2,1,+
1369,chr16,70789540,70789576,.,.,+,chr16,70789506,70789577,tRNA-Gly-GCC-2-5,1,+
1370,chr16,70779050,70779097,.,.,-,chr16,70779038,70779109,tRNA-Gly-GCC-2-4,1,-
1380,chr17,19112418,19112455,.,.,-,chr17,19112419,19112636,U3-4,1,-
1384,chr17,28723439,28723486,.,.,+,chr17,28723433,28723491,U42A,1,+
1385,chr17,19112439,19112486,.,.,-,chr17,19112419,19112636,U3-4,1,-
1386,chr17,19112508,19112555,.,.,-,chr17,19112419,19112636,U3-4,1,-
1387,chr17,19190063,19190110,.,.,-,chr17,19190028,19190245,U3-3,1,-
1392,chr17,7576880,7576924,.,.,+,chr17,7576810,7576958,mgU6-77,1,+
1409,chr16,22297213,22297235,.,.,+,chr16,22297139,22297221,tRNA-Leu-AAG-2-4,1,+
1416,chr16,1962333,1962380,.,.,-,chr16,1962333,1962466,ACA10,1,-
1443,chr19,49500833,49500854,.,.,-,chr19,49500784,49500868,hsa-mir-150,1,-
1444,chr19,49490008,49490047,.,.,+,chr19,49489967,49490044,U32A,1,+
1445,chr19,49490943,49490972,.,.,+,chr19,49490906,49490972,U34,1,+
1446,chr19,49497721,49497768,.,.,+,chr19,49497718,49497806,U35B,1,+
1460,chr17,64146434,64146467,.,.,+,chr17,64146338,64146471,ACA62,1,+
1461,chr17,64146080,64146127,.,.,+,chr17,64146077,64146157,U104,1,+
1484,chr17,68019902,68019949,.,.,-,chr17,68019896,68019969,tRNA-Arg-CCG-2-1,1,-
1497,chr3,45689024,45689071,.,.,-,chr3,45688998,45689071,tRNA-Arg-ACG-2-1,1,-
1523,chr3,12840314,12840361,.,.,-,chr3,12840311,12840450,ACA7,1,-
1524,chr3,12840390,12840434,.,.,-,chr3,12840311,12840450,ACA7,1,-
1527,chr2,231455882,231455925,.,.,-,chr2,231455799,231455936,U23,1,-
1549,chr3,169772284,169772305,.,.,+,chr3,169772229,169772302,tRNA-Val-AAC-1-1,1,+
1566,chr3,186787632,186787679,.,.,+,chr3,186787612,186787749,ACA4,1,+
1569,chr3,184325728,184325772,.,.,+,chr3,184325695,184325771,HBII-142,1,+
1572,chr3,195699459,195699479,.,.,+,chr3,195699400,195699497,hsa-mir-570,1,+
1573,chr1,146038045,146038073,.,.,+,chr1,146038043,146038115,tRNA-His-GTG-1-1,1,+
1574,chr1,146035691,146035721,.,.,+,chr1,146035691,146035763,tRNA-Glu-CTC-1-1,1,+
1576,chr1,144419306,144419337,.,.,+,chr1,144419266,144419340,tRNA-Asn-GTT-3-1,1,+
1583,chr1,155926009,155926056,.,.,-,chr1,155925957,155926086,ACA26,1,-
1598,chr1,161469438,161469470,.,.,-,chr1,161469398,161469470,tRNA-Glu-CTC-1-5,1,-
1603,chr1,161454612,161454659,.,.,-,chr1,161454607,161454679,tRNA-Glu-CTC-1-3,1,-
1604,chr1,161441585,161441614,.,.,+,chr1,161441532,161441615,tRNA-Leu-CAG-1-1,1,+
1605,chr1,161458107,161458124,.,.,+,chr1,161458107,161458178,tRNA-Gly-GCC-1-3,1,+
1606,chr1,161454649,161454678,.,.,-,chr1,161454607,161454679,tRNA-Glu-CTC-1-3,1,-
1608,chr1,173864832,173864847,.,.,-,chr1,173864828,173864906,U80,1,-
1609,chr1,173866665,173866712,.,.,-,chr1,173866634,173866714,U76,1,-
1610,chr1,173867696,173867743,.,.,-,chr1,173867673,173867745,U74,1,-
1612,chr1,167714725,167714772,.,.,+,chr1,167714724,167714796,tRNA-Pro-CGG-1-1,1,+
1615,chr1,28579763,28579798,.,.,-,chr1,28579763,28579893,ACA61,1,-
1616,chr1,28578770,28578817,.,.,-,chr1,28578742,28578822,HBII-420,1,-
1617,chr1,28579833,28579876,.,.,-,chr1,28579763,28579893,ACA61,1,-
1618,chr1,28579833,28579876,.,.,-,chr1,28579763,28579893,ACA61,1,-
1649,chr2,101272938,101272962,.,.,-,chr2,101272935,101273049,HBII-289,1,-
1661,chr2,156400768,156400797,.,.,+,chr2,156400768,156400840,tRNA-Ala-CGC-3-1,1,+
1680,chr1,207802452,207802472,.,.,-,chr1,207802442,207802523,hsa-mir-29b-2,1,-
1700,chr7,148941537,148941571,.,.,+,chr7,148941487,148941562,hsa-mir-1975,1,+
1701,chr7,148941538,148941570,.,.,+,chr7,148941487,148941562,hsa-mir-1975,1,+
1704,chr7,148941535,148941572,.,.,+,chr7,148941487,148941562,hsa-mir-1975,1,+
1705,chr7,148941536,148941571,.,.,+,chr7,148941487,148941562,hsa-mir-1975,1,+
1706,chr7,148941535,148941570,.,.,+,chr7,148941487,148941562,hsa-mir-1975,1,+
1707,chr7,148941501,148941521,.,.,+,chr7,148941487,148941562,hsa-mir-1975,1,+
1749,chr7,100093571,100093592,.,.,-,chr7,100093559,100093643,hsa-mir-25,1,-
1755,chr9,94175961,94175982,.,.,+,chr9,94175956,94176036,hsa-let-7a-1,1,+
1766,chr9,133349430,133349468,.,.,+,chr9,133349395,133349470,U24,1,+
1767,chr9,131490485,131490532,.,.,+,chr9,131490485,131490571,U62B,1,+
1810,chr5,83064244,83064291,.,.,-,chr5,83064203,83064337,U109,1,-
1877,chr6,28863728,28863756,.,.,-,chr6,28863684,28863756,tRNA-Ala-AGC-2-2,1,-
1882,chr5,181191675,181191697,.,.,-,chr5,181191686,181191758,tRNA-Thr-TGT-6-1,1,-
1898,chr6,85677328,85677367,.,.,-,chr6,85677293,85677368,U50,1,-
1909,chr6,125780236,125780280,.,.,-,chr6,125780246,125780318,tRNA-Glu-CTC-1-7,1,-
1913,chr13,44917969,44917996,.,.,-,chr13,44917926,44917998,tRNA-Glu-TTC-2-1,1,-
1951,chr17,59841276,59841292,.,.,+,chr17,59841265,59841337,hsa-mir-21,1,+
1955,chr6,27519529,27519576,.,.,+,chr6,27519528,27519600,tRNA-Gln-CTG-1-2,1,+
1972,chr6,132816803,132816847,.,.,+,chr6,132816801,132816877,HBII-429,1,+
1973,chr6,132816825,132816872,.,.,+,chr6,132816801,132816877,HBII-429,1,+
1981,chr1,248873915,248873962,.,.,+,chr1,248873854,248873960,tRNA-Leu-CAA-4-1,1,+
1987,chr2,27051213,27051242,.,.,+,chr2,27051213,27051286,tRNA-Ala-AGC-8-1,1,+
1988,chr1,161399740,161399772,.,.,-,chr1,161399699,161399772,tRNA-Val-CAC-1-1,1,-
1998,chr11,76235847,76235896,.,.,-,chr11,76235824,76235896,tRNA-Pro-TGG-2-1,1,-
2001,chr15,45198646,45198677,.,.,-,chr15,45198605,45198677,tRNA-His-GTG-1-7,1,-
2010,chr11,62854648,62854695,.,.,-,chr11,62854620,62854695,U28,1,-
2011,chr11,62853667,62853714,.,.,-,chr11,62853662,62853732,U30,1,-
2013,chr12,56190415,56190444,.,.,+,chr12,56190363,56190445,tRNA-Ser-CGA-4-1,1,+
2016,chr13,27255065,27255112,.,.,+,chr13,27255063,27255135,U102,1,+
2019,chr14,58239879,58239899,.,.,-,chr14,58239894,58239967,tRNA-Lys-CTT-1-1,1,-
2029,chrX,139924157,139924180,.,.,-,chrX,139924147,139924231,hsa-mir-505,1,-
2092,chr17,16441257,16441298,.,.,+,chr17,16441225,16441298,HBII-135,1,+
2095,chr17,76558834,76558863,.,.,+,chr17,76558789,76558869,snR38C,1,+
2098,chr17,68019922,68019969,.,.,-,chr17,68019896,68019969,tRNA-Arg-CCG-2-1,1,-
2148,chr20,3917546,3917561,.,.,+,chr20,3917493,3917571,hsa-mir-103-2,1,+
2149,chr20,3917546,3917561,.,.,+,chr20,3917501,3917563,hsa-mir-103-2-as,1,-
2186,chr1,161470417,161470450,.,.,-,chr1,161470414,161470486,tRNA-Asp-GTC-2-5,1,-
2189,chr1,28508670,28508717,.,.,+,chr1,28508557,28508762,U17b,1,+
2191,chr1,28580923,28580970,.,.,-,chr1,28580919,28581053,ACA16,1,-
2215,chr7,148941536,148941570,.,.,+,chr7,148941487,148941562,hsa-mir-1975,1,+
2216,chr7,148941538,148941571,.,.,+,chr7,148941487,148941562,hsa-mir-1975,1,+
2217,chr7,148941537,148941571,.,.,+,chr7,148941487,148941562,hsa-mir-1975,1,+
2230,chr9,136670615,136670636,.,.,+,chr9,136670601,136670686,hsa-mir-126,1,+
2234,chr5,181188896,181188924,.,.,-,chr5,181188853,181188925,tRNA-Pro-TGG-3-1,1,-
2238,chr6,26555269,26555298,.,.,+,chr6,26555269,26555341,tRNA-Pro-AGG-2-2,1,+
2251,chr6,85677325,85677367,.,.,-,chr6,85677293,85677368,U50,1,-
2259,chr11,2963770,2963814,.,.,-,chr11,2963770,2963893,ACA54,1,-
2270,chr6,132816831,132816872,.,.,+,chr6,132816801,132816877,HBII-429,1,+
2273,chr17,31575477,31575499,.,.,+,chr17,31575410,31575521,hsa-mir-365-2,1,+
2276,chr15,82755945,82755992,.,.,+,chr15,82755944,82756071,ACA45,1,+
2289,chr22,46112751,46112769,.,.,+,chr22,46112748,46112822,hsa-let-7a-3,1,+
2334,chr8,98042089,98042120,.,.,-,chr8,98042085,98042217,U72,1,-
2343,chr5,181191673,181191694,.,.,-,chr5,181191686,181191758,tRNA-Thr-TGT-6-1,1,-
2346,chr7,148941536,148941569,.,.,+,chr7,148941487,148941562,hsa-mir-1975,1,+
2357,chr7,148941536,148941569,.,.,+,chr7,148941487,148941562,hsa-mir-1975,1,+
